,artist,genre
0,Young_Ejecta,Pop/Rock
1,Spoon,Pop/Rock
2,Tweedy,Pop/Rock
3,Tobias_Jesso_Jr.,Pop/Rock
4,Howard,Pop/Rock
5,Mew,Pop/Rock
6,Lower_Dens,Pop/Rock
7,Caribou,Pop/Rock
8,The_Preatures,Pop/Rock
9,The_Do,Country
10,Dent_May,Pop/Rock
11,Houndmouth,Pop/Rock
12,Night_Terrors_of_1927,Pop/Rock
13,Sharon_Van_Etten,Pop/Rock
14,Antony_&_The_Johnsons,Pop/Rock
15,Timber_Timbre,Pop/Rock
16,Beirut,Pop/Rock
17,Amason,Pop/Rock
18,Lykke_Li,Pop/Rock
19,Bon_Iver,Pop/Rock
20,Bat_For_Lashes,Pop/Rock
21,Beck,Pop/Rock
22,Dirty_Projectors,Pop/Rock
23,Donnie_&_Joe_Emerson,Pop/Rock
24,Neko_Case,Pop/Rock
25,Phosphorescent,Pop/Rock
26,Tei_Shi,Pop/Rock
27,Cass_McCombs,Pop/Rock
28,Tyga,Rap
29,Childish_Gambino,Rap
30,Big_Sean,Rap
31,Hopsin,Rap
32,Wale,Rap
33,Frank_Ocean,R&B
34,Wiz_Khalifa,Rap
35,Dr._Dre,Rap
36,Kid_Ink,Rap
37,Big_K.R.I.T.,Rap
38,Kendrick_Lamar,Rap
39,A$AP_Rocky,Rap
40,Schoolboy_Q,Rap
41,Kevin_Gates,Rap
42,Juicy_J,Rap
43,J._Cole,Rap
44,Drake,Rap
45,Charles_Hamilton,Rap
46,Action_Bronson,Rap
47,Toro_Y_Moi,Pop/Rock
48,Courtney_Barnett,Pop/Rock
49,Mini_Mansions,Pop/Rock
50,Best_Coast,Pop/Rock
51,Waters,Blues
52,Leon_Bridges,R&B
53,Belle_&_Sebastian,Pop/Rock
54,The_War_On_Drugs,Pop/Rock
55,Ariel_Pink,Pop/Rock
56,Waxahatchee,Pop/Rock
57,Grimes,Pop/Rock
58,Surfer_Blood,Pop/Rock
59,First_Aid_Kit,Pop/Rock
60,Robert_DeLong,Pop/Rock
61,Perfume_Genius,Pop/Rock
62,Purity_Ring,Pop/Rock
63,Glass_Animals,Pop/Rock
64,José_González,no_moods
65,Lowell,Blues
66,Rihanna,Pop/Rock
67,Fetty_Wap,Rap
68,I_LOVE_MAKONNEN,Rap
69,O.T._Genasis,Rap
70,Jeremih,R&B
71,JAY_Z,Rap
72,Ludacris,Rap
73,OB_OBrien,Rap
74,Grizzly_Bear,Pop/Rock
75,Akron/Family,Easy_Listening
76,The_National,Pop/Rock
77,Feist,Pop/Rock
78,Lapsley,Electronic
79,Agnes_Obel,Pop/Rock
80,Jenny_Lewis,Pop/Rock
81,The_Antlers,Pop/Rock
82,Elliott_Smith,Pop/Rock
83,Lo-Fang,Pop/Rock
84,Champs,Pop/Rock
85,Santana,Pop/Rock
86,Elton_John,Pop/Rock
87,Cyndi_Lauper,Pop/Rock
88,a-ha,Pop/Rock
89,Francoise_Hardy,Pop/Rock
90,Mariah_Carey,R&B
91,Bryan_Adams,Pop/Rock
92,KT_Tunstall,Pop/Rock
93,Christina_Aguilera,Pop/Rock
94,Shakira,Latin
95,Jessica_Simpson,Pop/Rock
96,Shania_Twain,Country
97,Alanis_Morissette,Pop/Rock
98,Ace_of_Base,Pop/Rock
99,Yael_Naim,Pop/Rock
100,Tom_Petty,Pop/Rock
101,Train,Pop/Rock
102,Melissa_Etheridge,Pop/Rock
103,Sixpence_None_The_Richer,Pop/Rock
104,Alannah_Myles,Pop/Rock
105,Counting_Crows,Pop/Rock
106,The_Corrs,Pop/Rock
107,Kid_Rock,Pop/Rock
108,Phil_Collins,Pop/Rock
109,Katrina_&_The_Waves,Pop/Rock
110,Pat_Benatar,Pop/Rock
111,A_Great_Big_World,Pop/Rock
112,the_Schoolyar,Pop/Rock
113,Ed_Sheeran,Pop/Rock
114,Half_Moon_Run,Pop/Rock
115,Passenger,Pop/Rock
116,Coldplay,Pop/Rock
117,Jack_Johnson,Pop/Rock
118,Cat_Power,Pop/Rock
119,The_Lumineers,Country
120,Handsome_Ghost,Pop/Rock
121,The_Shins,Pop/Rock
122,John_Mayer,Pop/Rock
123,Sia,Electronic
124,Family_of_the_Year,Pop/Rock
125,Amy_Winehouse,R&B
126,James_Blunt,Pop/Rock
127,Donavon_Frankenreiter,Pop/Rock
128,James_Bay,Pop/Rock
129,Lana_Del_Rey,Pop/Rock
130,Regina_Spektor,Pop/Rock
131,Dylan_Gardner,Pop/Rock
132,George_Ezra,Pop/Rock
133,Mumford_&_Sons,Pop/Rock
134,The_Postal_Service,Pop/Rock
135,Allen_Stone,Neo-Soul
136,Hozier,Pop/Rock
137,Bruno_Mars,Pop/Rock
138,Vance_Joy,Pop/Rock
139,She_&_Him,Pop/Rock
140,Sheryl_Crow,Pop/Rock
141,Bonnie_Tyler,Pop/Rock
142,Ben_Howard,Pop/Rock
143,Laura_Marling,Pop/Rock
144,LP,Pop/Rock
145,Brett_Dennen,Pop/Rock
146,Fun.,Pop/Rock
147,Death_Cab_for_Cutie,Pop/Rock
148,Sam_Smith,Pop/Rock
149,Norah_Jones,Pop/Rock
150,Kelis,R&B
151,Lorde,Pop/Rock
152,Adam_Levine,Pop/Rock
153,Ezra_Vine,Folk
154,Cam_Meekins,Rap
155,Lucy_Rose,Folk
156,RY_X,Pop/Rock
157,Roo_Panes,Pop/Rock
158,Benjamin_Francis_Leftwich,Contemporary_Singer/Songwriter
159,Of_Monsters_and_Men,Pop/Rock
160,The_Milk_Carton_Kids,Pop/Rock
161,Julia_Sheer_&_Jon_D,Country
162,Ani_Difranco,Pop/Rock
163,Villagers,Pop/Rock
164,Demi_Lovato,Pop/Rock
165,One_Direction,Pop/Rock
166,Katy_Perry,Pop/Rock
167,Michael_Jackson,R&B
168,Us_The_Duo,Pop/Rock
169,Lilly_Wood_and_The_Prick,Pop/Rock
170,Ariana_Grande,Pop/Rock
171,Tove_Lo,Pop/Rock
172,Magic!,Pop/Rock
173,Meghan_Trainor,Pop/Rock
174,Ellie_Goulding,Pop/Rock
175,Miley_Cyrus,Pop/Rock
176,Birdy,Pop/Rock
177,Echosmith,Pop/Rock
178,Shawn_Mendes,Pop/Rock
179,Kygo,Electronic
180,Omi,Reggae
181,Adele,Pop/Rock
182,Selena_Gomez,Pop/Rock
183,Nick_Jonas,Pop/Rock
184,Kyla_La_Grange,Pop/Rock
185,Frankie,Pop/Rock
186,Justin_Bieber,Pop/Rock
187,???,no_moods
188,Jason_Mraz,Pop/Rock
189,The_Barr_Brothers,Country
190,Craig_Cardiff,Folk
191,Hammock,Pop/Rock
192,Nils_Frahm,Avant-Garde
193,The_American_Dollar,Pop/Rock
194,Llewellyn,New_Age
195,Eluvium,Electronic
196,Mason_Jennings,Pop/Rock
197,Pepper,Pop/Rock
198,Citizen_Cope,Pop/Rock
199,Ziggy_Marley,Reggae
200,Michael_Franti_&_Spearhead,Rap
201,Slightly_Stoopid,Pop/Rock
202,Bob_Marley_&_The_Wailers,Reggae
203,Sublime_With_Rome,Pop/Rock
204,The_Mighty_Mighty_Bosstones,Pop/Rock
205,Sublime,Pop/Rock
206,Iration,Reggae
207,Dispatch,Pop/Rock
208,Matt_Costa,Pop/Rock
209,Jimmy_Cliff,Reggae
210,Dirty_Heads,Pop/Rock
211,Long_Beach_Dub_Allstars,Pop/Rock
212,The_Vaccines,Pop/Rock
213,Speedy_Ortiz,Alternative_Pop/Rock
214,Ryan_Hemsworth,Electronic
215,Run_The_Jewels,no_moods
216,Buraka_Som_Sistema,Electronic
217,Fiona_Apple,Pop/Rock
218,Sara_Bareilles,Pop/Rock
219,Aloe_Blacc,R&B
220,Phillip_Phillips,Pop/Rock
221,Sounds_of_Nature_White_Noise_Sound_Effects,New_Age
222,Lotte_Kestner,Pop/Rock
223,Bahamas,Pop/Rock
224,The_Civil_Wars,Pop/Rock
225,Howie_Day,Pop/Rock
226,Isbells,New_Acoustic
227,Kina_Grannis,Pop/Rock
228,Damien_Rice,Folk
229,Foy_Vance,Pop/Rock
230,Mark_Ronson,Pop/Rock
231,Tori_Kelly,R&B
232,Maroon_5,Pop/Rock
233,The_Killers,Pop/Rock
234,Nicki_Minaj,Rap
235,Justin_Timberlake,Pop/Rock
236,Blues_Traveler,Pop/Rock
237,Lady_Gaga,Pop/Rock
238,Zedd,Electronic
239,Walk_the_Moon,Pop/Rock
240,Carly_Rae_Jepsen,Pop/Rock
241,Third_Eye_Blind,Pop/Rock
242,LIGHTS,Pop/Rock
243,Pitbull,Rap
244,MisterWives,Pop/Rock
245,Desert_Noises,Pop/Rock
246,TV_On_The_Radio,Pop/Rock
247,Funeral_Suits,Pop/Rock
248,Youngblood_Hawke,Pop/Rock
249,SBTRKT,Electronic
250,Bromheads_Jacket,Pop/Rock
251,Catey_Shaw,Pop/Rock
252,Wolf_Alice,Pop/Rock
253,Black_Honey,Pop/Rock
254,Phoenix,Pop/Rock
255,Foster_The_People,Pop/Rock
256,St._Lucia,Pop/Rock
257,Statics,Pop/Rock
258,tUnE-yArDs,Pop/Rock
259,Step_Rockets,Pop/Rock
260,MØ,no_moods
261,The_Vines,Pop/Rock
262,Father_John_Misty,Pop/Rock
263,Wild_Child,Pop/Rock
264,Priory,Pop/Rock
265,Elizabeth_&_the_Catapult,Pop/Rock
266,Honeyblood,Pop/Rock
267,Yelawolf,Rap
268,Logic,Rap
269,Alex_Wiley,Rap
270,Dej_Loaf,Rap
271,Kid_Cudi,Rap
272,Post_Malone,Vocal
273,Big_Sea,International
274,Kodaline,Pop/Rock
275,Incubus,Pop/Rock
276,Broken_Bells,Pop/Rock
277,Nate_Ruess,Pop/Rock
278,Noah_And_The_Whale,Pop/Rock
279,Corinne_Bailey_Rae,Pop/Rock
280,Zella_Day,Pop/Rock
281,Priscilla_Ahn,Pop/Rock
282,Chairlift,Pop/Rock
283,The_Lone_Bellow,Country
284,Graffiti6,Electronic
285,Mikal_Cronin,Pop/Rock
286,ELEL,Electronic
287,BRONCHO,Pop/Rock
288,Modest_Mouse,Pop/Rock
289,Mr_Twin_Sister,Pop/Rock
290,Twin_Shadow,Pop/Rock
291,Future_Islands,Pop/Rock
292,The_Orwells,Pop/Rock
293,BØRNS,no_moods
294,AlunaGeorge,Electronic
295,Hospitality,Pop/Rock
296,alt-J,Pop/Rock
297,Tennis,Pop/Rock
298,Lord_Huron,Pop/Rock
299,Matthew_E._White,Pop/Rock
300,Krill,Jazz
301,The_Decemberists,Pop/Rock
302,Jungle,Pop/Rock
303,Odessa,Pop/Rock
304,Avi_Buffalo,Pop/Rock
305,Marco_Benevento,Jazz
306,Mac_Demarco,Pop/Rock
307,Kindness,Pop/Rock
308,Wet,Pop/Rock
309,GusGus,Electronic
310,Faul_&_Wad_Ad,Electronic
311,Four_Tet,Electronic
312,Nicolas_Jaar,Electronic
313,Plaid,Electronic
314,Bonobo,Electronic
315,Tourist,Electronic
316,Matthew_Dear,Electronic
317,NU,Pop/Rock
318,Console,Pop/Rock
319,Don_Covay,R&B
320,Little_Richard,Pop/Rock
321,Aretha_Franklin,R&B
322,Jackson_5,R&B
323,Four_Mints,0
324,The_Contours,R&B
325,Betty_Bibbs,0
326,Irma_Thomas,R&B
327,Sam_&_Dave,R&B
328,Major_Lance,R&B
329,The_Supremes,R&B
330,Sharon_Jones_&_The_Dap-Kings,R&B
331,Bettye_Swann,R&B
332,Sam_Cooke,R&B
333,K_CAMP,Rap
334,Fitz_and_The_Tantrums,Pop/Rock
335,Circa_Waves,Pop/Rock
336,Wild_Cub,Pop/Rock
337,Smallpools,Pop/Rock
338,Sheppard,Jazz
339,The_1975,Pop/Rock
340,Hellogoodbye,Pop/Rock
341,MGMT,Pop/Rock
342,Charli_XCX,Pop/Rock
343,Bombay_Bicycle_Club,Pop/Rock
344,HAERTS,Pop/Rock
345,Wild_Belle,Pop/Rock
346,Bad_Suns,Pop/Rock
347,The_Griswolds,Pop/Rock
348,Gregory_Alan_Isakov,Pop/Rock
349,Fleet_Foxes,Pop/Rock
350,The_Paper_Kites,Folk
351,Portugal._The_Man,Pop/Rock
352,Sufjan_Stevens,Pop/Rock
353,Dawes,Pop/Rock
354,Nick_Mulvey,Pop/Rock
355,Iron_&_Wine,Pop/Rock
356,Milo_Greene,Pop/Rock
357,J._Tillman,Pop/Rock
358,James_Vincent_McMorrow,Folk
359,Kevin_Morby,Pop/Rock
360,Steve_Gunn,Pop/Rock
361,Lilly_Hiatt,Pop/Rock
362,Monophonics,R&B
363,Blue_Rose_Code,Folk
364,Vintage_Trouble,Pop/Rock
365,Tristan_Prettyman,Pop/Rock
366,Dan_Wilson,Pop/Rock
367,M83,Pop/Rock
368,KANEHOLLER,Pop/Rock
369,Above_&_Beyond,Electronic
370,Lord_RAJA,Electronic
371,Viceroy,Electronic
372,Panda_Bear,Pop/Rock
373,The_Chainsmokers,Electronic
374,Mystery_Skulls,Pop/Rock
375,Goldroom,Electronic
376,LE_YOUTH,Electronic
377,Porter_Robinson,Electronic
378,Ghost_Loft,Electronic
379,The_Colourist,Pop/Rock
380,College,Classical
381,ODESZA,Electronic
382,The_Soft_Moon,Pop/Rock
383,Pusha_T,Rap
384,Trey_Songz,R&B
385,The_Neighbourhood,Pop/Rock
386,Usher,R&B
387,Cashmere_Cat,Electronic
388,PARTYNEXTDOOR,R&B
389,Labrinth,Pop/Rock
390,DJ_Khaled,Rap
391,Iggy_Azalea,Rap
392,Bobby_Shmurda,Rap
393,T.I.,Rap
394,Beyoncé,no_moods
395,Rae_Sremmurd,Rap
396,Natalie_La_Rose,R&B
397,Nathaniel_Rateliff,Pop/Rock
398,Fink,Electronic
399,Sam_Amidon,Folk
400,The_Magnetic_Fields,Pop/Rock
401,Jim_James,Pop/Rock
402,Boy_&_Bear,International
403,Andrew_Bird,Pop/Rock
404,Ivan_&_Alyosha,Pop/Rock
405,Alexi_Murdoch,Pop/Rock
406,Dan_Auerbach,Pop/Rock
407,This_Is_The_Kit,Pop/Rock
408,Daughter,Pop/Rock
409,Ciaran_Lavery,Pop/Rock
410,Glen_Hansard,Pop/Rock
411,Gavin_DeGraw,Pop/Rock
412,John_Legend,R&B
413,The_Goo_Goo_Dolls,Pop/Rock
414,Erato,Classical
415,Ingrid_Michaelson,Pop/Rock
416,Rogue_Wave,Pop/Rock
417,Matt_Nathanson,Pop/Rock
418,Oscar_Isaac,Stage_&_Screen
419,Ryan_Adams,Pop/Rock
420,Ronnie_Fauss,Pop/Rock
421,Bowerbirds,Pop/Rock
422,Down_Like_Silver,Pop/Rock
423,Kid_Astray,Pop/Rock
424,American_Authors,Pop/Rock
425,HOLYCHILD,Pop/Rock
426,Chris_Brown,R&B
427,Maliibu_N_Helene,R&B
428,Tomáš_Dvo?ák,no_moods
429,J-Walk,Rap
430,Radiohead,Pop/Rock
431,Thievery_Corporation,Electronic
432,BoomBox,Pop/Rock
433,TM_Juke,Electronic
434,Blockhead,Electronic
435,RJD2,Rap
436,Nightmares_On_Wax,Electronic
437,Hiatus,Pop/Rock
438,Danger,Pop/Rock
439,Tosca,Classical
440,Emancipator,Rap
441,Yppah,Electronic
442,Pretty_Lights,Electronic
443,Daft_Punk,Electronic
444,Orsten,Electronic
445,Lindsey_Stirling,Classical
446,Tycho,Electronic
447,Kodomo,Electronic
448,Satin_Jackets,Electronic
449,Bluetech,Electronic
450,Ancient_Astronauts,Pop/Rock
451,Kid_Koala,Electronic
452,Inf,Pop/Rock
453,Mexican_Institute_Of_Sound,Pop/Rock
454,fans_on_Warp20.net,Pop/Rock
455,Chromatics,Pop/Rock
456,Afta-1,Pop/Rock
457,Lower_Spectrum,Jazz
458,Mr._Scruff,Electronic
459,Mode,Pop/Rock
460,The_xx,Pop/Rock
461,Wax_Tailor,Electronic
462,Black_Milk,Rap
463,Little_People,Children's
464,Shlohmo,Electronic
465,DJ_Cam,Electronic
466,Booka_Shade,Electronic
467,The_Lushlife_Project,Electronic
468,Baths,Electronic
469,Rompante,Pop/Rock
470,James_Newton_Howard,Stage_&_Screen
471,Alexandre_Desplat,Stage_&_Screen
472,Nick_Ingman,Easy_Listening
473,James_Horner,Stage_&_Screen
474,Ennio_Morricone,Stage_&_Screen
475,Howard_Shore,Stage_&_Screen
476,Marianelli,Stage_&_Screen
477,Rachel_Portman,Stage_&_Screen
478,Devonte_Hynes,Pop/Rock
479,Alan_Silvestri,Stage_&_Screen
480,Yann_Tiersen,Stage_&_Screen
481,Cœur_De_Pirate,no_moods
482,Dario_Marianelli,Stage_&_Screen
483,Nick_Urata,Pop/Rock
484,Danny_Elfman,Stage_&_Screen
485,David_Snell,Easy_Listening
486,Mychael_Danna,Stage_&_Screen
487,Downfall_Of_Gaia,Pop/Rock
488,Pelican,Pop/Rock
489,Cities_of_the_Plain,Electronic
490,Russian_Circles,Pop/Rock
491,Betrayal_at_Bespin,Classical
492,Alaskan,Pop/Rock
493,Rintrah,Pop/Rock
494,Spinz,Rap
495,Two-9,Classical
496,Lecrae,Religious
497,TLC,R&B
498,Alicia_Keys,R&B
499,Jazmine_Sullivan,R&B
500,Lloyd,Jazz
501,Raphael_Saadiq,R&B
502,Joe,Jazz
503,J._Holiday,R&B
504,Generation_Of_Vipers,Pop/Rock
505,Rosetta,Religious
506,East_Of_The_Wall,Pop/Rock
507,Dirge,Pop/Rock
508,FDK,Pop/Rock
509,*Shels,Pop/Rock
510,The_Field,Electronic
511,V.I.C.,Vocal
512,DJ_Snake,Rap
513,Sean_Paul,Reggae
514,Soulja_Boy,Rap
515,Nelly_Furtado,Pop/Rock
516,Kindnes,Pop/Rock
517,William_Onyeabor,International
518,Evan_Voytas,Pop/Rock
519,The_Knife,Pop/Rock
520,Penguin_Prison,Pop/Rock
521,Elite_Gymnastics,Pop/Rock
522,Delorean,Electronic
523,Scuba,Electronic
524,New_Order,Pop/Rock
525,Robyn,Pop/Rock
526,Dungeonesse,Pop/Rock
527,NYPC,Pop/Rock
528,Escort,R&B
529,Sam_Sparro,Pop/Rock
530,Holy_Ghost!,Electronic
531,Joywave,Pop/Rock
532,LCD_Soundsystem,Pop/Rock
533,The_2_Bears,Electronic
534,Pnau,Pop/Rock
535,Cut_Copy,Pop/Rock
536,Brodinski,Electronic
537,Bag_Raiders,Electronic
538,Classixx,Electronic
539,Indian_Summer,Jazz
540,David_Bowie,Pop/Rock
541,Gorgon_City,Electronic
542,DJ_Dodger_Stadium,Electronic
543,Flight_Facilities,Electronic
544,Todd_Terje,Electronic
545,Discodeine_feat._Jarvis_Cocker,Pop/Rock
546,YACHT,Pop/Rock
547,CSS,Pop/Rock
548,Mitzi,no_moods
549,Midnight_Juggernauts,Pop/Rock
550,Shiba_San,Electronic
551,Amtrac,Electronic
552,Dream_Koala,Electronic
553,Holy_Other,Electronic
554,Quadron,R&B
555,Florence_+_The_Machine,Pop/Rock
556,Phantogram,Pop/Rock
557,Max_Frost,Pop/Rock
558,Marina_and_The_Diamonds,Pop/Rock
559,Chelsea_Lankes,Pop/Rock
560,Parra_for_Cuva,Electronic
561,Bakermat,Electronic
562,Disclosure,Electronic
563,JJAMZ,Pop/Rock
564,CHVRCHES,Pop/Rock
565,Panama_Wedding,Pop/Rock
566,Milky_Chance,Pop/Rock
567,Jessie_Ware,Pop/Rock
568,Clean_Bandit,Electronic
569,Little_Simz,no_moods
570,AURORA,no_moods
571,Generationals,no_moods
572,The_Avener_&_Phoebe_Killdeer,no_moods
573,Salt_Cathedral,Pop/Rock
574,Prelow,no_moods
575,Great_Good_Fine_OK,no_moods
576,Little_Dragon,Electronic
577,R._Kelly,R&B
578,SNBRN,Latin
579,The_Black_Eyed_Peas,no_moods
580,Becky_G,no_moods
581,The_Notorious_B.I.G.,no_moods
582,Calvin_Harris,no_moods
583,A_Tribe_Called_Quest,no_moods
584,Avicii,no_moods
585,Ne-Yo,no_moods
586,OutKast,no_moods
587,Young_the_Giant,no_moods
588,Weezer,no_moods
589,Parachute,no_moods
590,The_Gaslight_Anthem,no_moods
591,Magic_Man,no_moods
592,The_Fray,Pop/Rock
593,BOY,Pop/Rock
594,Savoir_Adore,no_moods
595,Neon_Trees,no_moods
596,Ra_Ra_Riot,no_moods
597,Atlas_Genius,no_moods
598,Capital_Cities,Pop/Rock
599,Griffin_House,no_moods
600,Ryan_Miller,no_moods
601,The_Head_And_The_Heart,no_moods
602,Beta_Radio,no_moods
603,Bright_Eyes,Pop/Rock
604,Leo_Stannard,Pop/Rock
605,Augustana,Pop/Rock
606,Raphael_Lake,Country
607,The_Young_Romans,Rap
608,Sea_Wolf,Pop/Rock
609,The_Avett_Brothers,Pop/Rock
610,The_Weepies,Pop/Rock
611,Ben_Rector,Pop/Rock
612,Seryn,Pop/Rock
613,The_Tallest_Man_On_Earth,Pop/Rock
614,Lewis_Watson,Pop/Rock
615,S._Carey,Pop/Rock
616,Novo_Amor,Jazz
617,Marching_Band,Pop/Rock
618,Butch_Walker,Pop/Rock
619,Night_Beds,Pop/Rock
620,Saint_Raymond,Pop/Rock
621,The_Bros._Landreth,Pop/Rock
622,Axwell^Ingrosso,no_moods
623,Cam'Ron,Rap
624,Lisbon,Pop/Rock
625,Diplomats_of_Solid_Sound,R&B
626,General_Ghost,Country
627,Mayer_Hawthorne,R&B
628,Satellite_Stories,Pop/Rock
629,Foals,Pop/Rock
630,Grizfolk,Pop/Rock
631,Cider_Sky,Pop/Rock
632,NONONO,Pop/Rock
633,College_&_Electric_Youth,Pop/Rock
634,FKA_twigs,Pop/Rock
635,Susanne_Sundfor,Pop/Rock
636,Cathedrals,Religious
637,Operators,Pop/Rock
638,Cold_War_Kids,Pop/Rock
639,Sylvan_Esso,Pop/Rock
640,Bear's_Den,Pop/Rock
641,Years_&_Years,Pop/Rock
642,Daniel_Wilson,International
643,Dale_Earnhardt_Jr._Jr.,Pop/Rock
644,The_New_Pornographers,Pop/Rock
645,Arctic_Monkeys,Pop/Rock
646,Like_Swimming,Pop/Rock
647,POP_ETC,Pop/Rock
648,Ephemerals,R&B
649,Stars,Pop/Rock
650,Delta_Spirit,Pop/Rock
651,Jukebox_The_Ghost,Pop/Rock
652,Bleachers,Pop/Rock
653,Elliot_Moss,Pop/Rock
654,Banks,Pop/Rock
655,Cage_The_Elephant,Pop/Rock
656,Sleater-Kinney,Pop/Rock
657,Twin_Peaks,Pop/Rock
658,Slow_Club,Pop/Rock
659,Of_Montreal,Pop/Rock
660,Dresses,Pop/Rock
661,Alvvays,Pop/Rock
662,Jamie_T,Pop/Rock
663,Mitski,Pop/Rock
664,Natalie_Prass,Pop/Rock
665,Twiceyoung,Jazz
666,Wolf_Gang,Pop/Rock
667,Andrew_McMahon_in_the_Wilderness,Pop/Rock
668,King_Tuff,Pop/Rock
669,Aer,Pop/Rock
670,Cris_Cab,Pop/Rock
671,The_Dirty_Guv'nahs,Pop/Rock
672,Bronze_Radio_Return,Pop/Rock
673,Mr._Probz,Rap
674,Model_Aeroplanes,Pop/Rock
675,Theophilus_London,R&B
676,NEEDTOBREATHE,Pop/Rock
677,Andy_Grammer,Pop/Rock
678,Coasts,Pop/Rock
679,Jon_Bellion,Pop/Rock
680,Pell,Pop/Rock
681,Trevor_Hall,Pop/Rock
682,Naughty_Boy,Pop/Rock
683,Blondfire,Pop/Rock
684,Daughtry,Pop/Rock
685,Radical_Something,Pop/Rock
686,Cam,Rap
687,Chase_Rice,Country
688,Tim_McGraw,Country
689,Casey_James,Pop/Rock
690,Billy_Currington,Country
691,Gloriana,Country
692,Parmalee,Country
693,Jana_Kramer,Country
694,Eric_Church,Country
695,David_Nail,Country
696,Lady_Antebellum,Country
697,Dierks_Bentley,Country
698,Sam_Hunt,Country
699,Toby_Keith,Country
700,Rodney_Atkins,Country
701,Cole_Swindell,Country
702,Jerrod_Niemann,Country
703,Canaan_Smith,Country
704,Blake_Shelton,Country
705,William_Tyler,Folk
706,Hurray_For_The_Riff_Raff,Pop/Rock
707,Sky_Ferreira,Pop/Rock
708,Jens_Lekman,Pop/Rock
709,A.A._Bondy,Pop/Rock
710,Tunng,Pop/Rock
711,Luke_Temple,Pop/Rock
712,Cayucas,Pop/Rock
713,Mount_Moriah,Pop/Rock
714,Preservation_Hall_Jazz_Band,Jazz
715,Still_Parade,Vocal
716,King_Creosote,Pop/Rock
717,Caroline_Smith_&_The_Good_Night_Sleeps,Pop/Rock
718,William_Fitzsimmons,Pop/Rock
719,Holy_Folk,Electronic
720,O'Death,Pop/Rock
721,Mount_Eerie,Pop/Rock
722,Woods,Jazz
723,The_Starting_Line,Pop/Rock
724,New_Found_Glory,Pop/Rock
725,Cartel,Pop/Rock
726,Rich_Homie_Quan,Rap
727,Danny_Brown,Rap
728,Nas,Rap
729,Jhene_Aiko,R&B
730,Chuck_Inglish,Rap
731,Lupe_Fiasco,Rap
732,Jez_Dior,Rap
733,Sonny_Digital,Rap
734,Kanye_West,Rap
735,XV,Rap
736,Lupe_Fiasco_feat._Nikki_Jean,Rap
737,Ice_Cube,Rap
738,Bone_Thugs-N-Harmony,Rap
739,2Pac,Rap
740,Common,Rap
741,Rick_Ross,Rap
742,Eminem,Rap
743,Paradise_Fears,Pop/Rock
744,Tina_Turner,R&B
745,UB40,Pop/Rock
746,Bobby_Bazini,Pop/Rock
747,Michael_Bublé,no_moods
748,Lenny_Kravitz,Pop/Rock
749,Bryan_Ferry,Pop/Rock
750,Foreigner,Pop/Rock
751,Say_Anything,Pop/Rock
752,The_Academy_Is...,Pop/Rock
753,MxPx,Pop/Rock
754,Fall_Out_Boy,Pop/Rock
755,Taking_Back_Sunday,Pop/Rock
756,Sugarcult,Pop/Rock
757,Lustra,Pop/Rock
758,The_Rocket_Summer,Pop/Rock
759,Something_Corporate,Pop/Rock
760,Yellowcard,Pop/Rock
761,Jimmy_Eat_World,Pop/Rock
762,The_All-American_Rejects,Pop/Rock
763,All_Time_Low,Pop/Rock
764,Relient_K,Pop/Rock
765,The_Used,Pop/Rock
766,blink-182,Pop/Rock
767,Box_Car_Racer,Pop/Rock
768,Allister,Pop/Rock
769,Armor_For_Sleep,Pop/Rock
770,Finch,Pop/Rock
771,American_Hi-Fi,Pop/Rock
772,Valencia,Latin
773,Hawthorne_Heights,Pop/Rock
774,Good_Charlotte,Pop/Rock
775,+44,Pop/Rock
776,My_Chemical_Romance,Pop/Rock
777,Green_Day,Pop/Rock
778,Panic!_At_The_Disco,Pop/Rock
779,The_Offspring,Pop/Rock
780,Motion_City_Soundtrack,Pop/Rock
781,Simple_Plan,Pop/Rock
782,The_Early_November,Pop/Rock
783,Bowling_For_Soup,Pop/Rock
784,John_Williams,Stage_&_Screen
785,Brand_New,Pop/Rock
786,Head_Automatica,Pop/Rock
787,David_Gray,Pop/Rock
788,The_Righteous_Brothers,Pop/Rock
789,Matt_Wertz,Pop/Rock
790,Plain_White_T's,Pop/Rock
791,Eric_Clapton,Pop/Rock
792,Joshua_Radin,Pop/Rock
793,Dillon,Electronic
794,The_Mountain_Goats,Pop/Rock
795,The_Cranberries,Pop/Rock
796,for_King_&_Country,Pop/Rock
797,Tune_Robbers,Pop/Rock
798,Klaxons,Pop/Rock
799,Beat_Connection,Pop/Rock
800,Two_Door_Cinema_Club,Pop/Rock
801,Tom_Vek,Pop/Rock
802,Yukon_Blonde,Pop/Rock
803,Lucius,Pop/Rock
804,NewVillager,Electronic
805,Little_Green_Cars,Pop/Rock
806,Bibio,Electronic
807,BEGINNERS,Pop/Rock
808,Tokyo_Police_Club,Pop/Rock
809,123,Classical
810,Gringo_Star,Pop/Rock
811,Crystal_Fighters,Pop/Rock
812,Grouplove,Pop/Rock
813,The_Flaming_Lips,Pop/Rock
814,Team_Genius,Pop/Rock
815,Hooray_For_Earth,Pop/Rock
816,Opossom,Pop/Rock
817,Edward_Sharpe_&_The_Magnetic_Zeros,Pop/Rock
818,Alpine,Pop/Rock
819,Typhoon,Pop/Rock
820,Tribes,Pop/Rock
821,Mystery_Jets,Pop/Rock
822,SOHN,Pop/Rock
823,The_Joy_Formidable,Pop/Rock
824,Dutch_Uncles,Pop/Rock
825,Wild_Party,Pop/Rock
826,The_Russian_Futurists,Pop/Rock
827,Youth_Lagoon,Pop/Rock
828,Architecture_In_Helsinki,Pop/Rock
829,Middle_Brother,Folk
830,Primal_Scream,Pop/Rock
831,The_Little_Ones,Pop/Rock
832,Deep_Sleep,Pop/Rock
833,C418,Pop/Rock
834,Asian_Zen_Spa_Music_Meditation,New_Age
835,Calming_Baby_Sleep_Music_Club,New_Age
836,Ólafur_Arnalds,no_moods
837,Breathe,Pop/Rock
838,Travis,Country
839,Oasis,Pop/Rock
840,Devlin,Electronic
841,Ella_Henderson,Pop/Rock
842,John_Newman,R&B
843,Avril_Lavigne,Pop/Rock
844,Colbie_Caillat,Pop/Rock
845,Leela_James,R&B
846,Miriam_Bryant,Pop/Rock
847,Imagine_Dragons,Pop/Rock
848,Beatrice_Eli,Pop/Rock
849,Enrique_Iglesias,Latin
850,Mary_Lambert,Pop/Rock
851,Wrabel,Electronic
852,Matt_Cardle,Pop/Rock
853,Niykee_Heaton,Pop/Rock
854,Kelly_Clarkson,Pop/Rock
855,Jon_Hopkins,Electronic
856,The_Abbasi_Brothers,Pop/Rock
857,Do_Make_Say_Think,Pop/Rock
858,The_Echelon_Effect,Pop/Rock
859,Helios,Pop/Rock
860,Brian_Eno,Pop/Rock
861,Meditation_Spa,Pop/Rock
862,David_Sylvian,Pop/Rock
863,Lights_&_Motion,Pop/Rock
864,Peter_Broderick,Pop/Rock
865,Lullabies_for_Deep_Meditation,Pop/Rock
866,Glowworm,Pop/Rock
867,Goldmund,Electronic
868,Near_The_Parenthesis,Pop/Rock
869,Harold_Budd,Avant-Garde
870,The_Dead_Texan,Pop/Rock
871,Clem_Leek,Pop/Rock
872,Aphex_Twin,Electronic
873,Frédéric_Chopin,no_moods
874,Mélanie_Laurent,no_moods
875,Johann_Pachelbel,Classical
876,Violent_Soho,Pop/Rock
877,Bear_Hands,Pop/Rock
878,No_Devotion,Pop/Rock
879,Lonely_The_Brave,Pop/Rock
880,Interpol,Pop/Rock
881,Sir_Sly,Pop/Rock
882,CRUISR,Pop/Rock
883,The_Xcerts,Pop/Rock
884,The_Smashing_Pumpkins,Pop/Rock
885,KONGOS,Pop/Rock
886,New_Politics,Pop/Rock
887,The_Eeries,Pop/Rock
888,In_The_Valley_Below,Pop/Rock
889,Twin_Atlantic,Pop/Rock
890,Dreamers,Jazz
891,OK_Go,Pop/Rock
892,Royal_Bangs,Pop/Rock
893,Flagship,Pop/Rock
894,Nothing_but_Thieves,Pop/Rock
895,Gerard_Way,Pop/Rock
896,Fenech-Soler,Pop/Rock
897,Misterwive,Pop/Rock
898,AWOLNATION,Pop/Rock
899,I_Prevail,Pop/Rock
900,Hayden_James,Electronic
901,Madeon,Electronic
902,Tep_No,Electronic
903,Alina_Baraz,Electronic
904,Sleeping_At_Last,Pop/Rock
905,Philip_George,Electronic
906,WALLA,Pop/Rock
907,Damien_Jurado,Pop/Rock
908,Whilk_&_Misky,Pop/Rock
909,Joey_Bada$$,Electronic
910,Emile_Haynie,Pop/Rock
911,The_Wombats,Pop/Rock
912,NZCA_LINES,Electronic
913,Joe_Goddard,Pop/Rock
914,Gold_Panda,Electronic
915,Hundred_Waters,Pop/Rock
916,Deptford_Goth,Pop/Rock
917,Hot_Natured,Electronic
918,Chapelier_Fou,Electronic
919,Nosaj_Thing,Electronic
920,Giraffage,Electronic
921,Fujiya,Pop/Rock
922,Tokimonsta,Electronic
923,Kwes.,Pop/Rock
924,Fakear,Electronic
925,Daedelus,Electronic
926,The_Acid,Pop/Rock
927,Chris_Malinchak,Electronic
928,Ladi6,Pop/Rock
929,Com_Truise,Electronic
930,J_Dilla,Rap
931,Inc.,Reggae
932,Houses,Electronic
933,Stephon_Alexander_&_Rioux,Electronic
934,Poolside,Pop/Rock
935,Acid_Pauli,Electronic
936,Ras_G,Rap
937,Milosh,Pop/Rock
938,Chet_Faker,Electronic
939,The_Range,Pop/Rock
940,Slow_Magic,Electronic
941,Lost_Midas,Electronic
942,Lanu,Electronic
943,El_Perro_Del_Mar,Pop/Rock
944,Babel_feat._Låpsley,no_moods
945,Flying_Lotus,Electronic
946,MMOTHS,Electronic
947,The_Avener,Electronic
948,Jai_Paul,Pop/Rock
949,TIAAN,Pop/Rock
950,Big_Scary,Pop/Rock
951,How_To_Dress_Well,Pop/Rock
952,Seoul,Electronic
953,Mr_Little_Jeans,Pop/Rock
954,Joy_Orbison,Electronic
955,Star_Slinger,Pop/Rock
956,Healing_Sounds_for_Deep_Sleep_and_Relaxation,New_Age
957,The_Mowgli's,Pop/Rock
958,Howlin_Rain,Pop/Rock
959,Brandi_Carlile,Pop/Rock
960,Unknown_Mortal_Orchestra,Pop/Rock
961,Guster,Pop/Rock
962,Nina_Simone,Vocal
963,Serge_Gainsbourg,Pop/Rock
964,Frank_Sinatra,Vocal
965,an_Andante_Spianato)_Op._22:_Waltz_in_A_minor..,New_Age
966,Alphabet_Pony,Pop/Rock
967,Rameses_B,Pop/Rock
968,Collin_Mclouglin,Electronic
969,Doxx,Electronic
970,Mitis,Stage_&_Screen
971,Hippie_Sabotage,Rap
972,Volor_Flex,Pop/Rock
973,Felix_Cartal,Electronic
974,Technimatic,Electronic
975,Ghosts_Of_Paraguay,Pop/Rock
976,Mtns,Pop/Rock
977,Dabin,Pop/Rock
978,Submotion_Orchestra,Electronic
979,Goldroom_feat._Chela,Electronic
980,Azedia,Electronic
981,Blackmill,Electronic
982,Memory_Tapes,Pop/Rock
983,MADE_IN_HEIGHTS,Religious
984,RÜfÜS,no_moods
985,SAFIA,Electronic
986,Elizabeth_Rose,Pop/Rock
987,James_Blake,Electronic
988,Aquilo,Electronic
989,Active_Child,Pop/Rock
990,Jacques_Greene,Electronic
991,Turtle,Jazz
992,Josef_Salvat,Pop/Rock
993,Blue_Hawaii,Pop/Rock
994,PAPA,Pop/Rock
995,Is_Tropical,Pop/Rock
996,Tegan_And_Sara,Pop/Rock
997,Fear_of_Men,Pop/Rock
998,WE_ARE_TWIN,Pop/Rock
999,The_Fall_of_Troy,Pop/Rock
1000,Killswitch_Engage,Pop/Rock
1001,The_Hives,Pop/Rock
1002,The-Dream,R&B
1003,The_Getaway_Plan,Pop/Rock
1004,The_Temper_Trap,Pop/Rock
1005,Arum_Rae,Blues
1006,Caught_A_Ghost,Pop/Rock
1007,Ray_LaMontagne,Pop/Rock
1008,Ben_L'Oncle_Soul,R&B
1009,Elle_King,Pop/Rock
1010,Nico_&_Vinz,Pop/Rock
1011,Rixton,Pop/Rock
1012,James_Brown,R&B
1013,Queen,Pop/Rock
1014,Tiësto,no_moods
1015,Perrin_Lamb,Pop/Rock
1016,U2,Pop/Rock
1017,Timeflies,Electronic
1018,The_Well_Pennies,Pop/Rock
1019,Yuna,Pop/Rock
1020,The_Script,Pop/Rock
1021,Bruce_Springsteen,Pop/Rock
1022,Dan_Croll,Pop/Rock
1023,Journey,Pop/Rock
1024,Jessie_J,Pop/Rock
1025,Greg_Holden,Pop/Rock
1026,Ryn_Weaver,Pop/Rock
1027,Wild_Adriatic,Pop/Rock
1028,Sleep_Thieves,Pop/Rock
1029,The_Fratellis,Pop/Rock
1030,Yeasayer,Pop/Rock
1031,Vacationer,Pop/Rock
1032,The_Smiths,Pop/Rock
1033,Big_Data,Pop/Rock
1034,The_White_Stripes,Pop/Rock
1035,Santigold,Pop/Rock
1036,The_Pretty_Littles,0
1037,Beautiful_Small_Machines,Pop/Rock
1038,A$AP_Ferg,Rap
1039,Rustie,Electronic
1040,The_Weeknd,R&B
1041,Warp_co-founder_Steve_Beckett,Pop/Rock
1042,Basecamp,Electronic
1043,Willow,Pop/Rock
1044,June_Marieezy,Rap
1045,Dawn_Richard,R&B
1046,Muhsinah,R&B
1047,Jessy_Lanza,Electronic
1048,Prince,R&B
1049,Cyril_Hahn,Electronic
1050,No_Kids,Pop/Rock
1051,Jesse_Boykins_III,R&B
1052,ASTR,Pop/Rock
1053,Miguel,Latin
1054,Raleigh_Ritchie,Electronic
1055,White_Hinterland,Pop/Rock
1056,Tinashe,R&B
1057,Sango_feat._JMSN,Rap
1058,Shy_Girls,Pop/Rock
1059,Kelela,R&B
1060,Blood_Orange,Pop/Rock
1061,Lil_Jon,Rap
1062,Grace_Mitchell,Pop/Rock
1063,RAC,Pop/Rock
1064,MS_MR,Pop/Rock
1065,Alle_Farben,Electronic
1066,Michael_Franti,Rap
1067,X_Ambassadors,Pop/Rock
1068,deadmau5,Electronic
1069,The_Kills,Pop/Rock
1070,Neon_Hitch,Pop/Rock
1071,Mat_Zo,Electronic
1072,The_Cataracs,Rap
1073,Azealia_Banks,Rap
1074,Tinie_Tempah,Rap
1075,David_Guetta,Electronic
1076,B.o.B,Rap
1077,Papa_Roach,Pop/Rock
1078,Skrillex,Electronic
1079,Fountains_Of_Wayne,Pop/Rock
1080,Astro_Safari_USA,International
1081,WZRD,Pop/Rock
1082,FS,Electronic
1083,Vallis_Alps,Blues
1084,FKA_x_inc.,no_moods
1085,Mister_Lies,Electronic
1086,Autre_Ne_Veut,Pop/Rock
1087,Janelle_Monáe,no_moods
1088,Jessie_Ware_&_Sampha,R&B
1089,Ta-ku,Jazz
1090,Estelle,Pop/Rock
1091,SZA,R&B
1092,IamSu,Rap
1093,Emay,Electronic
1094,Wara_From_The_NBHD,Pop/Rock
1095,G-Eazy,Rap
1096,Vince_Staples,Rap
1097,Vampire_Weekend,Pop/Rock
1098,Drowners,Pop/Rock
1099,Passion_Pit,Pop/Rock
1100,Yellow_Ostrich,Pop/Rock
1101,La_Sera,Pop/Rock
1102,The_Tins,Pop/Rock
1103,Little_Comets,Pop/Rock
1104,The_Strokes,Pop/Rock
1105,We_Cut_Corners,Pop/Rock
1106,Robyn_Sherwell,Pop/Rock
1107,Movement,Pop/Rock
1108,Yeek,Jazz
1109,JMSN,R&B
1110,Hiatus_Kaiyote,R&B
1111,SOS,Contemporary_Pop/Rock
1112,Gallant,Comedy/Spoken
1113,Oliver_Tank,Electronic
1114,Kidnap_Kid,Electronic
1115,Kwabs,R&B
1116,Majid_Jordan,Electronic
1117,Solange,R&B
1118,Petite_Noir,Pop/Rock
1119,Leon_Else,Country
1120,N.E.R.D.,R&B
1121,Rhye,Pop/Rock
1122,Azekel,Rap
1123,AYER,Folk
1124,Ella_Eyre,Pop/Rock
1125,Elephant_Micah,Pop/Rock
1126,Kishi_Bashi,Pop/Rock
1127,Dessa,Rap
1128,Watsky,Rap
1129,The_Sandpipers,Easy_Listening
1130,The_Mamas_&_The_Papas,Pop/Rock
1131,Merrilee_Rush,Pop/Rock
1132,The_Young_Rascals,Pop/Rock
1133,The_Happenings,Jazz
1134,The_Association,Pop/Rock
1135,The_5th_Dimension,Pop/Rock
1136,Gary_Puckett,Pop/Rock
1137,Nature_Sound_Series,no_moods
1138,Nature_Sounds,Children's
1139,Relax_Meditate_Sleep,New_Age
1140,Nelly,Rap
1141,The_Asteroids_Galaxy_Tour,Pop/Rock
1142,The_Spill_Canvas,Pop/Rock
1143,Röyksopp,no_moods
1144,Gui_Boratto,Electronic
1145,Sebastian,Classical
1146,Lemonade,Electronic
1147,Flume,Electronic
1148,Art_Department,Electronic
1149,Mick_Jenkins,Electronic
1150,BJ_The_Chicago_Kid,R&B
1151,Skizzy_Mars,Rap
1152,Jordan_Bratton,Reggae
1153,Lil_Wayne,Rap
1154,Dillon_Francis,Electronic
1155,Randy_Newman,Pop/Rock
1156,John_Denver,Pop/Rock
1157,The_Verve,Pop/Rock
1158,Neil_Young,Pop/Rock
1159,James_Taylor,Pop/Rock
1160,Brooklynn,Pop/Rock
1161,Metronomy,Pop/Rock
1162,Chappo,Pop/Rock
1163,Twin_Forks,Pop/Rock
1164,Harlem_Shakes,Pop/Rock
1165,Sonny_&_The_Sunsets,Pop/Rock
1166,Blind_Pilot,Pop/Rock
1167,Jake_Bugg,Pop/Rock
1168,Norway's_Finest,Electronic
1169,The_Kooks,Pop/Rock
1170,Radical_Face,Pop/Rock
1171,Your_Friend,Pop/Rock
1172,Fiction_Family,Pop/Rock
1173,Zeus,Pop/Rock
1174,Little_Joy,Pop/Rock
1175,Adna,Pop/Rock
1176,Saturday_Sun,Pop/Rock
1177,Sweetfire,Folk
1178,Ellen_Harper,Pop/Rock
1179,Cam_Nacson,Pop/Rock
1180,Thyra,International
1181,You+Me,Vocal
1182,Noah_Gundersen,Pop/Rock
1183,Jonah_Tolchin,Pop/Rock
1184,Meg_Myers,Pop/Rock
1185,Secret_Suburbia,Pop/Rock
1186,J_Mascis,Pop/Rock
1187,Jason_Chen,Rap
1188,Marble_Sounds,Pop/Rock
1189,Lanterns_on_the_Lake,Pop/Rock
1190,Foreign_Fields,Pop/Rock
1191,Indians,Pop/Rock
1192,Balmorhea,Pop/Rock
1193,The_Cinematic_Orchestra,Electronic
1194,Low_Roar,Pop/Rock
1195,Gem_Club,Pop/Rock
1196,Kings_Of_Convenience,Pop/Rock
1197,Mirrorring,Pop/Rock
1198,Firekites,Pop/Rock
1199,Low,Pop/Rock
1200,Jonsi_&_Alex,Pop/Rock
1201,The_Black_Atlantic,Pop/Rock
1202,Julianna_Barwick,Avant-Garde
1203,Lowlakes,Pop/Rock
1204,Cemeteries,Pop/Rock
1205,Efterklang,Pop/Rock
1206,Neil_Halstead,Pop/Rock
1207,Bill_Withers,R&B
1208,Yeah_Yeah_Yeahs,Pop/Rock
1209,Black_Rebel_Motorcycle_Club,Pop/Rock
1210,London_Grammar,Pop/Rock
1211,Plastic_Bertrand,Pop/Rock
1212,The_Bravery,Pop/Rock
1213,Rebelution,Reggae
1214,The_Pains_Of_Being_Pure_At_Heart,Pop/Rock
1215,The_Royal_Concept,Pop/Rock
1216,Pixies,Pop/Rock
1217,Lady_Of_The_Sunshine,Pop/Rock
1218,The_Lighthouse_And_The_Whaler,Pop/Rock
1219,The_Walkmen,Pop/Rock
1220,Say_Hi,Pop/Rock
1221,Barcelona,Pop/Rock
1222,Nada_Surf,Pop/Rock
1223,Indiana,Jazz
1224,Stars_Of_The_Lid,Pop/Rock
1225,Sad_Souls,Pop/Rock
1226,Grouper,Pop/Rock
1227,Dr._Dog,Pop/Rock
1228,M._Ward,Pop/Rock
1229,Come_on_Live_Long,Pop/Rock
1230,Matt_and_Kim,Pop/Rock
1231,Halsey,Pop/Rock
1232,Cherub,Pop/Rock
1233,Miike_Snow,Pop/Rock
1234,STRFKR,Pop/Rock
1235,The_Naked_And_Famous,Pop/Rock
1236,Darwin_Deez,Pop/Rock
1237,Bahari,International
1238,Bastille,Pop/Rock
1239,Housse_de_Racket,Pop/Rock
1240,Steel_Train,Pop/Rock
1241,Eric_Hutchinson,Pop/Rock
1242,Joni_Mitchell,Pop/Rock
1243,Faces,Pop/Rock
1244,The_Band,Pop/Rock
1245,Cat_Stevens,Pop/Rock
1246,Lisa_Hannigan,Pop/Rock
1247,Aqualung,Pop/Rock
1248,Nick_Drake,Pop/Rock
1249,Emiliana_Torrini,Pop/Rock
1250,Van_Morrison,Pop/Rock
1251,Rilo_Kiley,Pop/Rock
1252,White_Noise_Research,New_Age
1253,Rest_&_Relax_Nature_Sounds_Artists,New_Age
1254,Satchmode,Jazz
1255,Oliver,Electronic
1256,Essay,Electronic
1257,Vansic,Pop/Rock
1258,Weval,Electronic
1259,Mord_Fustang,Electronic
1260,Miami_Nights_1984,Pop/Rock
1261,KAYTRANADA,Rap
1262,Deorro,Electronic
1263,Seven_Lions,Electronic
1264,A-Trak,Electronic
1265,Digitalism,Electronic
1266,Dart_Party,Pop/Rock
1267,Bryan_Cox,Electronic
1268,Babe_Rainbow,Pop/Rock
1269,Estate,Pop/Rock
1270,The_Juan_Maclean,Pop/Rock
1271,The_Chemical_Brothers,Electronic
1272,Clark,Blues
1273,Chrome_Sparks,Pop/Rock
1274,Elliphant,Pop/Rock
1275,The_M_Machine,Electronic
1276,Etnik,Electronic
1277,Young_Magic,Pop/Rock
1278,Mitch_Murder,Electronic
1279,Totally_Enormous_Extinct_Dinosaurs,Electronic
1280,Lazerhawk,Pop/Rock
1281,Coucheron,Pop/Rock
1282,Machinedrum,Electronic
1283,Digikid84,Electronic
1284,CAZZETTE,Electronic
1285,5_Seconds_Of_Summer,Pop/Rock
1286,Jason_French,Pop/Rock
1287,Marian_Hill,Electronic
1288,Duke_Dumont,Electronic
1289,Fifth_Harmony,Pop/Rock
1290,Flo_Rida,Rap
1291,the_Wate,Pop/Rock
1292,Little_May,Pop/Rock
1293,Will_Dailey,Pop/Rock
1294,Chris_Botti,Jazz
1295,Melissa_Horn,Pop/Rock
1296,George_Michael,Pop/Rock
1297,Lisa_Miskovsky,Pop/Rock
1298,Lionel_Richie,R&B
1299,Chaka_Khan,R&B
1300,George_Benson,Jazz
1301,Whitney_Houston,R&B
1302,Barry_White,R&B
1303,Roberta_Flack,R&B
1304,ABBA,Contemporary_Pop/Rock
1305,Supergrass,Pop/Rock
1306,New_Radicals,Pop/Rock
1307,Barenaked_Ladies,Pop/Rock
1308,Bobby_McFerrin,Vocal
1309,The_Kingsmen,Pop/Rock
1310,Ray_Parker_Jr.,R&B
1311,Wham!,Pop/Rock
1312,The_Darkness,Pop/Rock
1313,Owl_City,Pop/Rock
1314,The_Monkees,Pop/Rock
1315,Rusted_Root,Pop/Rock
1316,CHIC,R&B
1317,Norman_Greenbaum,Pop/Rock
1318,Village_People,R&B
1319,MIKA,Pop/Rock
1320,The_Beach_Boys,Pop/Rock
1321,Bee_Gees,Pop/Rock
1322,Macklemore_&_Ryan_Lewis,Rap
1323,Wheatus,Pop/Rock
1324,Icona_Pop,Pop/Rock
1325,Carly_Simon,Pop/Rock
1326,The_Human_League,Pop/Rock
1327,Scissor_Sisters,Pop/Rock
1328,The_Clash,Pop/Rock
1329,The_Presidents_Of_The_United_States_Of_America,Pop/Rock
1330,Lipps_Inc.,R&B
1331,Commodores,R&B
1332,The_Rembrandts,Pop/Rock
1333,The_Foundations,Pop/Rock
1334,Biz_Markie,Rap
1335,Pharrell_Williams,R&B
1336,Nathan_Lane,Vocal
1337,Rob_Base,Rap
1338,Daryl_Hall_&_John_Oates,Pop/Rock
1339,Jack_White,Pop/Rock
1340,St._Vincent,Pop/Rock
1341,Benjamin_Booker,Blues
1342,This_Boy_Wonders,Pop/Rock
1343,No_Shoes,Blues
1344,Coroner_for_the_Police,Pop/Rock
1345,Earthquake_Lights,Pop/Rock
1346,Termite,Avant-Garde
1347,Amanita_Bloom,Pop/Rock
1348,Sunhouse,0
1349,Mark_Lotterman,Pop/Rock
1350,little_hurricane,Pop/Rock
1351,The_Ever_Expanding_Elastic_Waste_Band,Pop/Rock
1352,Henry's_Funeral_Shoe,Pop/Rock
1353,Soraia,Pop/Rock
1354,Carney,Pop/Rock
1355,Muse,Pop/Rock
1356,Kings_Of_Leon,Pop/Rock
1357,Tracy_Chapman,Pop/Rock
1358,Empire_Of_The_Sun,Pop/Rock
1359,Mapei,Pop/Rock
1360,Bear_In_Heaven,Pop/Rock
1361,Broods,Pop/Rock
1362,Field_Report,Pop/Rock
1363,Girlpool,Pop/Rock
1364,Go_Wolf,Electronic
1365,The_Jepettos,Jazz
1366,The_Cast_Of_Cheers,Electronic
1367,Jenny_Broke_the_Window,Pop/Rock
1368,Tame_Impala,Pop/Rock
1369,Wild_Moccasins,Pop/Rock
1370,We_Are_Magnetic,Pop/Rock
1371,Maddie_&_Tae,Country
1372,Kip_Moore,Country
1373,Aaron_Watson,Country
1374,Luke_Bryan,Country
1375,Kelleigh_Bannen,Country
1376,Little_Big_Town,Country
1377,Kelsea_Ballerini,Country
1378,a_Good_Tim,Pop/Rock
1379,Leah_Turner,Country
1380,Florida_Georgia_Line,Country
1381,Scotty_McCreery,Country
1382,Thomas_Rhett,Country
1383,Kenny_Chesney,Country
1384,OneRepublic,Pop/Rock
1385,Band_of_Horses,Pop/Rock
1386,Cash_Cash,Country
1387,GT_&_The_Bandits,Blues
1388,Ghost_Beach,Pop/Rock
1389,Cults,Pop/Rock
1390,Saint_Motel,Pop/Rock
1391,Kopecky,Pop/Rock
1392,Juan_Wauters,Pop/Rock
1393,Jason_Collett,Pop/Rock
1394,Emily_Wolfe,Folk
1395,The_Weeks,Pop/Rock
1396,Olly_Murs,Pop/Rock
1397,Effi,Jazz
1398,Jamie_Lidell,Electronic
1399,Better_Than_Ezra,Pop/Rock
1400,Shakey_Graves,Pop/Rock
1401,Death_From_Above_1979,Pop/Rock
1402,Team_Spirit,Pop/Rock
1403,Air_Traffic_Controller,Pop/Rock
1404,Los_Porcos,Latin
1405,The_Zolas,Pop/Rock
1406,Valley_Lodge,Pop/Rock
1407,Freelance_Whales,Pop/Rock
1408,Midlake,Pop/Rock
1409,Justin_Townes_Earle,Country
1410,And_So_I_Watch_You_from_Afar,Pop/Rock
1411,Marnie_Stern,Pop/Rock
1412,Andy_Burrows,Pop/Rock
1413,Terraplane_Sun,Pop/Rock
1414,Gotye,Pop/Rock
1415,Moon_Taxi,Pop/Rock
1416,TOPS,R&B
1417,Allday,Pop/Rock
1418,Soopasoul,Electronic
1419,Mr._Confuse,Electronic
1420,Johnny_Harris,Country
1421,Black_Heat,R&B
1422,The_Soul_Snatchers,Pop/Rock
1423,The_Perceptions,Jazz
1424,Super_Fresh_Power_Squad,Rap
1425,Basement_Freaks,R&B
1426,The_New_Mastersounds,R&B
1427,The_Meters,R&B
1428,Grain_Zero,Pop/Rock
1429,FUNK'N'STEIN_The_Band,R&B
1430,Justice,Electronic
1431,Bionic_Boogie,Pop/Rock
1432,Lack_Of_Afro,Rap
1433,King_Curtis,R&B
1434,6ix_Toys,Electronic
1435,Skeewiff,Electronic
1436,Smoove_&_Turrell,Electronic
1437,Big_Boss_Man,Pop/Rock
1438,Flow_Dynamics,R&B
1439,Clarence_Reid,R&B
1440,Vaults,Pop/Rock
1441,Lost_In_The_Trees,Pop/Rock
1442,Say_Lou_Lou,Dream_Pop
1443,Arthur_Beatrice,Pop/Rock
1444,Panama,Jazz
1445,Vessels,Pop/Rock
1446,Paul_McCartney,Pop/Rock
1447,Bill_Fay,Pop/Rock
1448,French_Horn_Rebellion,Pop/Rock
1449,Olu,Jazz
1450,Outasight,Pop/Rock
1451,Yo_La_Tengo,Pop/Rock
1452,Josh_Ritter,Pop/Rock
1453,Aimee_Mann,Pop/Rock
1454,Lou_Reed,Pop/Rock
1455,The_Law,Jazz
1456,Gravenhurst,Pop/Rock
1457,Swedish_House_Mafia,Electronic
1458,Armin_van_Buuren,Electronic
1459,Martin_Garrix,Electronic
1460,East_&_Young,Pop/Rock
1461,Vigiland,Electronic
1462,Motopony,Pop/Rock
1463,Young_Summer,Pop/Rock
1464,La_Femme,Vocal
1465,The_Very_Best,Pop/Rock
1466,Oh_Honey,Pop/Rock
1467,Dinosaur_Feathers,Pop/Rock
1468,Radiation_City,Pop/Rock
1469,Slam_Donahue,Pop/Rock
1470,Telekinesis,Pop/Rock
1471,Daddy's_Groove,Jazz
1472,Mario,R&B
1473,Ne*Yo,R&B
1474,Timbaland,Rap
1475,Astronautalis,Pop/Rock
1476,Crosby_Stills_&_Nash,Pop/Rock
1477,The_Doobie_Brothers,Pop/Rock
1478,Gordon_Lightfoot,Folk
1479,Rod_Stewart,Pop/Rock
1480,Kansas,Pop/Rock
1481,Gary_Wright,Pop/Rock
1482,Rucka_Rucka_Ali,Comedy/Spoken
1483,Blumio,Rap
1484,Red_Hot_Chili_Peppers,Pop/Rock
1485,2_Chainz,Rap
1486,Taylor_Swift,Pop/Rock
1487,LL_Cool_J,Rap
1488,Wang_Chung,Pop/Rock
1489,Utfo,Rap
1490,Dolly_Parton,Country
1491,Deniece_Williams,R&B
1492,Pseudo_Echo,Pop/Rock
1493,Depeche_Mode,Pop/Rock
1494,Jim_Croce,Pop/Rock
1495,Creedence_Clearwater_Revival,Pop/Rock
1496,America,Pop/Rock
1497,The_Temptations,R&B
1498,Steely_Dan,Pop/Rock
1499,Neil_Diamond,Pop/Rock
1500,Otis_Redding,R&B
1501,Henrik_Måwe,no_moods
1502,Joze_Falout,Classical
1503,Finghin_Collins,0
1504,Ramones,Pop/Rock
1505,The_Police,Pop/Rock
1506,The_Who,Pop/Rock
1507,The_Animals,Pop/Rock
1508,Nine_Days,Pop/Rock
1509,Blur,Pop/Rock
1510,Pearl_Jam,Pop/Rock
1511,The_Rolling_Stones,Pop/Rock
1512,Kay,Vocal
1513,Futuristic,Rap
1514,Atmosphere,Rap
1515,Stampeders,Pop/Rock
1516,Andrea_Bocelli,Classical
1517,Matchbox_Twenty,Pop/Rock
1518,Michael_Andrews,Pop/Rock
1519,Rob_Thomas,Pop/Rock
1520,Billy_Joel,Pop/Rock
1521,Rick_Springfield,Pop/Rock
1522,Poison,Pop/Rock
1523,Whitesnake,Pop/Rock
1524,Starship,Pop/Rock
1525,Buckner_&_Garcia,Pop/Rock
1526,Debbie_Gibson,Pop/Rock
1527,Cheap_Trick,Pop/Rock
1528,Cutting_Crew,Pop/Rock
1529,Gloria_Estefan_And_Miami_Sound_Machine,Pop/Rock
1530,Toto,Pop/Rock
1531,Herbie_Hancock,Jazz
1532,Mike_Posner,Pop/Rock
1533,Coconut_Records,Pop/Rock
1534,Uncle_Kracker,Pop/Rock
1535,Fleetwood_Mac,Pop/Rock
1536,Harry_Chapin,Pop/Rock
1537,Naked_Eyes,Pop/Rock
1538,Kenny_Loggins,Pop/Rock
1539,Amos_Lee,Pop/Rock
1540,Sister_Hazel,Pop/Rock
1541,Five_For_Fighting,Pop/Rock
1542,Goddamn_Electric_Bill,Electronic
1543,The_Wallflowers,Pop/Rock
1544,Foo_Fighters,Pop/Rock
1545,Sarah_McLachlan,Pop/Rock
1546,Lifehouse,Pop/Rock
1547,Malcolm_Middleton,Pop/Rock
1548,Del_Amitri,Pop/Rock
1549,Des'ree,R&B
1550,Dropkick_Murphys,Pop/Rock
1551,Wilco,Pop/Rock
1552,Semisonic,Pop/Rock
1553,Jet,Pop/Rock
1554,Edwin_McCain,Pop/Rock
1555,Dave_Matthews_Band,Pop/Rock
1556,Blind_Melon,Pop/Rock
1557,Snow_Patrol,Pop/Rock
1558,Suzanne_Vega,Pop/Rock
1559,Extreme,Pop/Rock
1560,Gorillaz,Pop/Rock
1561,N_Sync,Pop/Rock
1562,Johnny_Cash,Country
1563,Dave_Matthews,Pop/Rock
1564,Shawn_Mullins,Pop/Rock
1565,O.A.R.,Pop/Rock
1566,Marcy_Playground,Pop/Rock
1567,John_Mayer_Trio,Pop/Rock
1568,Stone_Temple_Pilots,Pop/Rock
1569,Gin_Blossoms,Pop/Rock
1570,Shawn_Colvin,Pop/Rock
1571,The_Airborne_Toxic_Event,Pop/Rock
1572,Gwen_Stefani,Pop/Rock
1573,Everclear,Pop/Rock
1574,Mobb_Deep,Rap
1575,Geto_Boys,Rap
1576,The_Dean's_List,Country
1577,Scanners,Pop/Rock
1578,Big_Boi,Rap
1579,Computer_Magic,Pop/Rock
1580,WU_LYF,Pop/Rock
1581,Real_Estate,Pop/Rock
1582,High_Places,Pop/Rock
1583,Gardens_&_Villa,Pop/Rock
1584,Terence_Trent_D'Arby,R&B
1585,Lonestar,Country
1586,Jewel,Pop/Rock
1587,Vertical_Horizon,Pop/Rock
1588,Toad_The_Wet_Sprocket,Pop/Rock
1589,Ben_Folds_Five,Pop/Rock
1590,Tonic,Pop/Rock
1591,No_Doubt,Pop/Rock
1592,Duffy,Pop/Rock
1593,Natasha_Bedingfield,Pop/Rock
1594,P!nk,Pop/Rock
1595,Mausi,Electronic
1596,Consuelo_Velázquez,no_moods
1597,Camila,Latin
1598,Wallpaper.,Pop/Rock
1599,Pepper_Rabbit,Pop/Rock
1600,London_Philharmonic_Orchestra,Classical
1601,Kenta_Nagata,Classical
1602,Hans_Zimmer,Stage_&_Screen
1603,Martin_O'Donnell,Stage_&_Screen
1604,DJ_Roine,Electronic
1605,They_Might_Be_Giants,Pop/Rock
1606,Dire_Straits,Pop/Rock
1607,Boston,Pop/Rock
1608,Prince_&_The_Revolution,Easy_Listening
1609,Blondie,Pop/Rock
1610,Diana_Ross,R&B
1611,Kim_Carnes,Pop/Rock
1612,Annie_Lennox,Pop/Rock
1613,The_Black_Keys,Pop/Rock
1614,Haim,Pop/Rock
1615,Deltron_3030,Rap
1616,Dead_Prez,Rap
1617,Public_Enemy,Rap
1618,Eric_B._&_Rakim,Rap
1619,Duran_Duran,Pop/Rock
1620,John_Fogerty,Pop/Rock
1621,Biffy_Clyro,Pop/Rock
1622,Carolina_Liar,Pop/Rock
1623,Sean_Bones,Pop/Rock
1624,Ben_Folds,Pop/Rock
1625,Meat_Puppets,Pop/Rock
1626,Ben_Browning,Pop/Rock
1627,Aqua,Pop/Rock
1628,on_Spotify,Comedy/Spoken
1629,Cruise_Family,Electronic
1630,Odd_Future,Rap
1631,3_Doors_Down,Pop/Rock
1632,Frankie_Carle,Jazz
1633,Beastie_Boys,Rap
1634,Martin_Solveig,Electronic
1635,Teddybears,Pop/Rock
1636,Chiddy_Bang,Rap
1637,Shaggy,Reggae
1638,Lou_Bega,Pop/Rock
1639,Bloodhound_Gang,Pop/Rock
1640,The_Pussycat_Dolls,Pop/Rock
1641,Ricky_Martin,Latin
1642,Robert_Palmer,Pop/Rock
1643,Marc_Cohn,Pop/Rock
1644,The_Outfield,Pop/Rock
1645,Wilson_Phillips,Pop/Rock
1646,Dixie_Chicks,Country
1647,Ste,Pop/Rock
1648,Nena,Pop/Rock
1649,Paula_Abdul,Pop/Rock
1650,The_White_Panda,International
1651,Gary_Allan,Country
1652,Bob_Dylan,Pop/Rock
1653,Luis_Bacalov,Stage_&_Screen
1654,Grant_Green,Jazz
1655,Hucci_&_Stooki_Sound,New_Age
1656,Arcade_Fire,Pop/Rock
1657,Animal_Collective,Pop/Rock
1658,Zero_7,Electronic
1659,Moderat,Electronic
1660,RUN-DMC,Rap
1661,N.W.A.,Rap
1662,Ratatat,Pop/Rock
1663,Warren_G,Rap
1664,Berlin,Pop/Rock
1665,Harold_Faltermeyer,Pop/Rock
1666,Marietta,Stage_&_Screen
1667,Loverboy,Pop/Rock
1668,REO_Speedwagon,Pop/Rock
1669,Inishkea,Easy_Listening
1670,Nero,Electronic
1671,Rusko,Electronic
1672,Little_Boots,Pop/Rock
1673,Yolanda_Be_Cool_vs._DCUP,Electronic
1674,Glass_Towers,Pop/Rock
1675,Gioachino_Rossini,Classical
1676,The_Bees,Pop/Rock
1677,D.VELOPED,Pop/Rock
1678,Black_Kids,Pop/Rock
1679,Basshunter,Pop/Rock
1680,Tiesto_feat._Tegan_&_Sara,Pop/Rock
1681,Lucky_Twice,Pop/Rock
1682,Does_It_Offend_You_Yeah?,Electronic
1683,Zion_I,Rap
1684,Caravan_Palace,Electronic
1685,Mat_Kearney,Pop/Rock
1686,Chubb_Rock,Rap
1687,The_Cab,Pop/Rock
1688,Carousel,Stage_&_Screen
1689,xxyyxx,Electronic
1690,Don_Diablo,Latin
1691,Chase_&_Status,Electronic
1692,Professor_Green,Rap
1693,Benny_Benassi,Electronic
1694,will.i.am,R&B
1695,Billy_Idol,Pop/Rock
1696,Ella_Fitzgerald,Vocal
1697,Louis_Armstrong,Jazz
1698,Vibafemba,Pop/Rock
1699,State_Radio,Pop/Rock
1700,Flight_Of_The_Conchords,Comedy/Spoken
1701,Kavinsky,Electronic
1702,Béla_Fleck,no_moods
1703,The_Hykkers,International
1704,Bob_Hund,Pop/Rock
1705,Rodriguez,Pop/Rock
1706,MF_Doom,Rap
1707,Down_With_Webster,Pop/Rock
1708,PaPerCuts,Pop/Rock
1709,Papercuts,Pop/Rock
1710,Ghostface_Killah,Rap
1711,Papoose,Rap
1712,Apathy,Pop/Rock
1713,Wu-Tang_Clan,Rap
1714,GZA,Rap
1715,Gang_Starr,Rap
1716,Y.D.B._Boy_Jones,Rap
1717,Rej3ctz,Rap
1718,Bullet_For_My_Valentine,Pop/Rock
1719,Balam_Acab,Electronic
1720,John_Mellencamp,Pop/Rock
1721,Escape_the_Fate,Pop/Rock
1722,Nirvana,Pop/Rock
1723,The_Kings_Dead,Pop/Rock
1724,Baha_Men,Pop/Rock
1725,Waka_Flocka_Flame,Rap
1726,Pantera,Pop/Rock
1727,Rise_Against,Pop/Rock
1728,The_Sounds,Pop/Rock
1729,Aesop_Rock,Rap
1730,Ca$his,Rap
1731,Will_Smith,Rap
1732,Tyler_The_Creator,Rap
1733,AMG,Rap
1734,Jason_Aldean,Country
1735,Jake_Owen,Country
1736,Soundgarden,Pop/Rock
1737,Eazy-E,Rap
1738,DMX,Rap
1739,Slipknot,Pop/Rock
1740,Westside_Connection,Rap
1741,Electric_Light_Orchestra,Pop/Rock
1742,Offpiste_Gurus,Pop/Rock
1743,Funeral_For_A_Friend,Pop/Rock
1744,Simon_&_Garfunkel,Pop/Rock
1745,Naughty_By_Nature,Rap
1746,SoMo,Pop/Rock
1747,New_You_Were_Trouble,Pop/Rock
1748,His_Majesty_Andre,Rap
1749,High_Rankin,Pop/Rock
1750,Tom_Petty_And_The_Heartbreakers,Pop/Rock
1751,The_Maccabees,Pop/Rock
1752,Firehouse,Pop/Rock
1753,Keane,Pop/Rock
1754,Smoke_Dza,Rap
1755,Afroman,Rap
1756,Cypress_Hill,Rap
1757,Miles_Davis,Jazz
1758,Miles_Davis_Quintet,Jazz
1759,Harry_and_the_Potters,Pop/Rock
1760,Lene_Alexandra,Pop/Rock
1761,Chrome_Canyon,Electronic
1762,Within_Temptation,Pop/Rock
1763,Supertramp,Pop/Rock
1764,Jack's_Mannequin,Pop/Rock
1765,Soda_Club,International
1766,Love_Sosa,Rap
1767,Chief_Keef,Rap
1768,Gruff_Rhys/Andy_Votel,Pop/Rock
1769,Gruff_Rhys,Pop/Rock
1770,Astrud_Gilberto,Latin
1771,R.E.M.,Pop/Rock
1772,Hootie_&_The_Blowfish,Pop/Rock
1773,N-Dubz,Pop/Rock
1774,Sam_And_The_Womp,Electronic
1775,Butthole_Surfers,Pop/Rock
1776,lostprophets,Pop/Rock
1777,Sir_Mix-A-Lot,Rap
1778,Britney_Spears,Pop/Rock
1779,50_Cent,Rap
1780,Seth_Narley,Vocal
1781,Lauryn_Hill,Rap
1782,Inga_from_Sweden,Electronic
1783,The_Bangles,Pop/Rock
1784,Len,Pop/Rock
1785,Amalie_Malling,Classical
1786,The_Zagreb_Soloists,Classical
1787,Blue_Scholars,Rap
1788,Spank_Rock,Rap
1789,Glee_Cast,Pop/Rock
1790,Id,genre
1791,failed_artist,0
1792,Major_Lazer,Electronic
1793,Jason_Derulo,Pop/Rock
1794,Omarion,R&B
1795,Fergie,R&B
1796,We_The_Kings,Stage_&_Screen
1797,Madonna,Classical
1798,Destiny's_Child,R&B
1799,Jump5,R&B
1800,Keri_Hilson,R&B
1801,Jesse_McCartney,Pop/Rock
1802,The_Ready_Set,Jazz
1803,Paul_Schoenfield,Classical
1804,Megan_&_Liz,Children's
1805,Paramore,Easy_Listening
1806,Rita_Ora,Country
1807,Missy_Higgins,Pop/Rock
1808,Hilary_Duff,Pop/Rock
1809,Taio_Cruz,Pop/Rock
1810,Sam_Tsui,Pop/Rock
1811,Jordin_Sparks,R&B
1812,Cher_Lloyd,Pop/Rock
1813,T-Pain,Pop/Rock
1814,Chris_Wallace,Pop/Rock
1815,Alex_Goot_&_Kurt_Schneider,Pop/Rock
1816,Hunter_Hayes,Country
1817,Little_Mix,Pop/Rock
1818,San_Cisco,Pop/Rock
1819,Vetiver,Pop/Rock
1820,Darius_Rucker,Pop/Rock
1821,NONI,Electronic
1822,Great_Awakening,Rap
1823,Prince_of_Spain,R&B
1824,High_Highs,Pop/Rock
1825,The_Midi_Mafia,Jazz
1826,Meiko,Rap
1827,Mumm-ra,Pop/Rock
1828,V_V_Brown,Jazz
1829,Troye_Sivan,Electronic
1830,LANY,Classical
1831,EDX,Pop/Rock
1832,Jaymes_Young,Folk
1833,Jhameel,Pop/Rock
1834,2AM_Club,Pop/Rock
1835,2NE1,Classical
1836,Bryce_Vine,Comedy/Spoken
1837,Sage_The_Gemini,Rap
1838,Osmani_Garcia,Pop/Rock
1839,Orion,Pop/Rock
1840,Sun_Songqing;_Yu_Lina,Children's
1841,Hillsong_Worship,Religious
1842,Phil_Wickham,Religious
1843,Matt_Redman,Religious
1844,Atomic_Kitten,Pop/Rock
1845,Trevor_Moran,Electronic
1846,Chris_Tomlin,Religious
1847,All_Sons_&_Daughters,Pop/Rock
1848,Rich_Gang,Rap
1849,Walk_Off_the_Earth,Pop/Rock
1850,Kelly_Rowland,R&B
1851,Snowmine,Blues
1852,Daniela_Andrade,Religious
1853,Sigma,Pop/Rock
1854,SNAP!,Electronic
1855,Pentatonix,Pop/Rock
1856,Idina_Menzel,Vocal
1857,Karmin,Religious
1858,Mansions_On_The_Moon,Pop/Rock
1859,M.I.A.,Electronic
1860,Prince_Royce,International
1861,GEMS,Pop/Rock
1862,Kill_Frenzy,Electronic
1863,Hillsong_United,Religious
1864,Andy_Lange_&_Josh_Golden,Country
1865,Andrew_Garcia_&_Andy_Lange,Comedy/Spoken
1866,Andy_Lange_&_Andrew_Garcia,0
1867,Tyler_Ward_&_Alex_G,Pop/Rock
1868,Tyler_Ward,Stage_&_Screen
1869,Josh_Golden,Pop/Rock
1870,Ty_Dolla_$ign,Country
1871,Eartha_Kitt,Vocal
1872,Dean_Martin,Vocal
1873,Hong_Ting,International
1874,Yandel,International
1875,Big_Flow,0
1876,Don_Omar,International
1877,"Tito_""El_Bambino""",Latin
1878,Buxxi,0
1879,Alexis_&_Fido,Blues
1880,Rocko_y_Fara-On,Pop/Rock
1881,Felipe_Santos,Jazz
1882,Farruko,0
1883,Jose_De_Rico,Jazz
1884,Henry_Mendez,Pop/Rock
1885,Sergio_Contreras,Latin
1886,El_Alfa,International
1887,K'NAAN,Rap
1888,AFI,Classical
1889,Backstreet_Boys,Pop/Rock
1890,Don_Ross,Latin
1891,Steve_Kazee,Pop/Rock
1892,Karl_Jenkins,Classical
1893,Alan_Menken,Stage_&_Screen
1894,Lea_Salonga,Stage_&_Screen
1895,Zee_Avi,Pop/Rock
1896,Steve_Aoki,Jazz
1897,Jackal,Rap
1898,R3hab,Classical
1899,Pierre_Cardin,Reggae
1900,Yellow_Claw,0
1901,Buku,Electronic
1902,Nari,International
1903,DJ_Fresh,Pop/Rock
1904,Flosstradamus,Electronic
1905,Baauer,Electronic
1906,Hardwell,Electronic
1907,Noosa,Pop/Rock
1908,Kimbra,Pop/Rock
1909,Royal_Teeth,Pop/Rock
1910,Gentlemen_Hall,Easy_Listening
1911,Little_Daylight,Pop/Rock
1912,Summer_Heart,Pop/Rock
1913,TNGHT_(Hudson_Mohawke_x_Lunice),Electronic
1914,3_Balearos,Latin
1915,Heartless_Bastards,Pop/Rock
1916,Pigeon_John,Rap
1917,Classified,Rap
1918,Bipolar_Sunshine,Pop/Rock
1919,Stu_Larsen,Jazz
1920,Darkside,Electronic
1921,Robin_Schulz,Electronic
1922,Klingande,Electronic
1923,Juan_Magan,Electronic
1924,MKTO,International
1925,Floating_Points,Jazz
1926,Squarepusher,Electronic
1927,Iamamiwhoami,Pop/Rock
1928,Junior_Boys,Jazz
1929,Mount_Kimbie,Electronic
1930,BlasterJaxx,Electronic
1931,Parov_Stelar,Electronic
1932,Jennifer_Lopez,Pop/Rock
1933,The_New_Velvet,Electronic
1934,Casey_Abrams,Pop/Rock
1935,Ferras,Vocal
1936,The_Oh_Hellos,Pop/Rock
1937,Graham_Colton,Pop/Rock
1938,Matt_White,Pop/Rock
1939,He_Is_We,R&B
1940,Greg_Laswell,Pop/Rock
1941,The_Workday_Release,Pop/Rock
1942,Plug_In_Stereo,Pop/Rock
1943,Teddy_Geiger,Pop/Rock
1944,Steve_Moakler,Pop/Rock
1945,The_Icarus_Account,Pop/Rock
1946,Jason_Reeves,Electronic
1947,Sky_Sailing,International
1948,Landon_Pigg,Pop/Rock
1949,Secondhand_Serenade,Pop/Rock
1950,Lucy_Schwartz,Pop/Rock
1951,Moke_Hill,Rap
1952,Justin_Nozuka,Pop/Rock
1953,Toots_&_The_Maytals,Reggae
1954,Kallabris,International
1955,Dake,Pop/Rock
1956,Jasmine_Thompson,Pop/Rock
1957,Chris_Call,Country
